PassengerId,Pclass,Sex,Age,SibSp,Parch,Ticket,Fare,Embarked,cross1
892,3,male,34.5,0,0,330911,7.8292,Q,7.8292
893,3,female,47.0,1,0,363272,7.0,S,7.0
894,2,male,62.0,0,0,240276,9.6875,Q,19.375
895,3,male,27.0,0,0,315154,8.6625,S,8.6625
896,3,female,22.0,1,1,3101298,12.2875,S,12.2875
897,3,male,14.0,0,0,7538,9.225,S,9.225
898,3,female,30.0,0,0,330972,7.6292,Q,7.6292
899,2,male,26.0,1,1,248738,29.0,S,58.0
900,3,female,18.0,0,0,2657,7.2292,C,7.2292
901,3,male,21.0,2,0,A/4 48871,24.15,S,24.15
902,3,male,28.0,0,0,349220,7.8958,S,7.8958
903,1,male,46.0,0,0,694,26.0,S,78.0
904,1,female,23.0,1,0,21228,82.2667,S,246.8001
905,2,male,63.0,1,0,24065,26.0,S,52.0
906,1,female,47.0,1,0,W.E.P. 5734,61.175,S,183.52499999999998
907,2,female,24.0,1,0,SC/PARIS 2167,27.7208,C,55.4416
908,2,male,35.0,0,0,233734,12.35,Q,24.7
909,3,male,21.0,0,0,2692,7.225,C,7.225
910,3,female,27.0,1,0,STON/O2. 3101270,7.925,S,7.925
911,3,female,45.0,0,0,2696,7.225,C,7.225
912,1,male,55.0,1,0,PC 17603,59.4,C,178.2
913,3,male,9.0,0,1,C 17368,3.1708,S,3.1708
914,1,female,28.0,0,0,PC 17598,31.6833,S,95.0499
915,1,male,21.0,0,1,PC 17597,61.3792,C,184.1376
916,1,female,48.0,1,3,PC 17608,262.375,C,787.125
917,3,male,50.0,1,0,A/5. 3337,14.5,S,14.5
918,1,female,22.0,0,1,113509,61.9792,C,185.9376
919,3,male,22.5,0,0,2698,7.225,C,7.225
920,1,male,41.0,0,0,113054,30.5,S,91.5
921,3,male,28.0,2,0,2662,21.6792,C,21.6792
922,2,male,50.0,1,0,SC/AH 3085,26.0,S,52.0
923,2,male,24.0,2,0,C.A. 31029,31.5,S,63.0
924,3,female,33.0,1,2,C.A. 2315,20.575,S,20.575
925,3,female,28.0,1,2,W./C. 6607,23.45,S,23.45
926,1,male,30.0,1,0,13236,57.75,C,173.25
927,3,male,18.5,0,0,2682,7.2292,C,7.2292
928,3,female,28.0,0,0,342712,8.05,S,8.05
929,3,female,21.0,0,0,315087,8.6625,S,8.6625
930,3,male,25.0,0,0,345768,9.5,S,9.5
931,3,male,28.0,0,0,1601,56.4958,S,56.4958
932,3,male,39.0,0,1,349256,13.4167,C,13.4167
933,1,male,28.0,0,0,113778,26.55,S,79.65
934,3,male,41.0,0,0,SOTON/O.Q. 3101263,7.85,S,7.85
935,2,female,30.0,0,0,237249,13.0,S,26.0
936,1,female,45.0,1,0,11753,52.5542,S,157.6626
937,3,male,25.0,0,0,STON/O 2. 3101291,7.925,S,7.925
938,1,male,45.0,0,0,PC 17594,29.7,C,89.1
939,3,male,28.0,0,0,370374,7.75,Q,7.75
940,1,female,60.0,0,0,11813,76.2917,C,228.87510000000003
941,3,female,36.0,0,2,C.A. 37671,15.9,S,15.9
942,1,male,24.0,1,0,13695,60.0,S,180.0
943,2,male,27.0,0,0,SC/PARIS 2168,15.0333,C,30.0666
944,2,female,20.0,2,1,29105,23.0,S,46.0
945,1,female,28.0,3,2,19950,263.0,S,789.0
946,2,male,28.0,0,0,SC/A.3 2861,15.5792,C,31.1584
947,3,male,10.0,4,1,382652,29.125,Q,29.125
948,3,male,35.0,0,0,349230,7.8958,S,7.8958
949,3,male,25.0,0,0,348122,7.65,S,7.65
950,3,male,28.0,1,0,386525,16.1,S,16.1
951,1,female,36.0,0,0,PC 17608,262.375,C,787.125
952,3,male,17.0,0,0,349232,7.8958,S,7.8958
953,2,male,32.0,0,0,237216,13.5,S,27.0
954,3,male,18.0,0,0,347090,7.75,S,7.75
955,3,female,22.0,0,0,334914,7.725,Q,7.725
956,1,male,13.0,2,2,PC 17608,262.375,C,787.125
957,2,female,28.0,0,0,F.C.C. 13534,21.0,S,42.0
958,3,female,18.0,0,0,330963,7.8792,Q,7.8792
959,1,male,47.0,0,0,113796,42.4,S,127.19999999999999
960,1,male,31.0,0,0,2543,28.5375,C,85.61250000000001
961,1,female,60.0,1,4,19950,263.0,S,789.0
962,3,female,24.0,0,0,382653,7.75,Q,7.75
963,3,male,21.0,0,0,349211,7.8958,S,7.8958
964,3,female,29.0,0,0,3101297,7.925,S,7.925
965,1,male,28.5,0,0,PC 17562,27.7208,C,83.1624
966,1,female,35.0,0,0,113503,211.5,C,634.5
967,1,male,32.5,0,0,113503,211.5,C,634.5
968,3,male,28.0,0,0,359306,8.05,S,8.05
969,1,female,55.0,2,0,11770,25.7,S,77.1
970,2,male,30.0,0,0,248744,13.0,S,26.0
971,3,female,24.0,0,0,368702,7.75,Q,7.75
972,3,male,6.0,1,1,2678,15.2458,C,15.2458
973,1,male,67.0,1,0,PC 17483,221.7792,S,665.3376000000001
974,1,male,49.0,0,0,19924,26.0,S,78.0
975,3,male,28.0,0,0,349238,7.8958,S,7.8958
976,2,male,28.0,0,0,240261,10.7083,Q,21.4166
977,3,male,28.0,1,0,2660,14.4542,C,14.4542
978,3,female,27.0,0,0,330844,7.8792,Q,7.8792
979,3,female,18.0,0,0,A/4 31416,8.05,S,8.05
980,3,female,28.0,0,0,364856,7.75,Q,7.75
981,2,male,2.0,1,1,29103,23.0,S,46.0
982,3,female,22.0,1,0,347072,13.9,S,13.9
983,3,male,28.0,0,0,345498,7.775,S,7.775
984,1,female,27.0,1,2,F.C. 12750,52.0,S,156.0
985,3,male,28.0,0,0,376563,8.05,S,8.05
986,1,male,25.0,0,0,13905,26.0,C,78.0
987,3,male,25.0,0,0,350033,7.7958,S,7.7958
988,1,female,76.0,1,0,19877,78.85,S,236.54999999999998
989,3,male,29.0,0,0,STON/O 2. 3101268,7.925,S,7.925
990,3,female,20.0,0,0,347471,7.8542,S,7.8542
991,3,male,33.0,0,0,A./5. 3338,8.05,S,8.05
992,1,female,43.0,1,0,11778,55.4417,C,166.3251
993,2,male,27.0,1,0,228414,26.0,S,52.0
994,3,male,28.0,0,0,365235,7.75,Q,7.75
995,3,male,26.0,0,0,347070,7.775,S,7.775
996,3,female,16.0,1,1,2625,8.5167,C,8.5167
997,3,male,28.0,0,0,C 4001,22.525,S,22.525
998,3,male,21.0,0,0,330920,7.8208,Q,7.8208
999,3,male,28.0,0,0,383162,7.75,Q,7.75
1000,3,male,28.0,0,0,3410,8.7125,S,8.7125
1001,2,male,18.5,0,0,248734,13.0,S,26.0
1002,2,male,41.0,0,0,237734,15.0458,C,30.0916
1003,3,female,28.0,0,0,330968,7.7792,Q,7.7792
1004,1,female,36.0,0,0,PC 17531,31.6792,C,95.0376
1005,3,female,18.5,0,0,329944,7.2833,Q,7.2833
1006,1,female,63.0,1,0,PC 17483,221.7792,S,665.3376000000001
1007,3,male,18.0,1,0,2680,14.4542,C,14.4542
1008,3,male,28.0,0,0,2681,6.4375,C,6.4375
1009,3,female,1.0,1,1,PP 9549,16.7,S,16.7
1010,1,male,36.0,0,0,13050,75.2417,C,225.7251
1011,2,female,29.0,1,0,SC/AH 29037,26.0,S,52.0
1012,2,female,12.0,0,0,C.A. 33595,15.75,S,31.5
1013,3,male,28.0,1,0,367227,7.75,Q,7.75
1014,1,female,35.0,1,0,13236,57.75,C,173.25
1015,3,male,28.0,0,0,392095,7.25,S,7.25
1016,3,male,28.0,0,0,368783,7.75,Q,7.75
1017,3,female,17.0,0,1,371362,16.1,S,16.1
1018,3,male,22.0,0,0,350045,7.7958,S,7.7958
1019,3,female,28.0,2,0,367226,23.25,Q,23.25
1020,2,male,42.0,0,0,211535,13.0,S,26.0
1021,3,male,24.0,0,0,342441,8.05,S,8.05
1022,3,male,32.0,0,0,STON/OQ. 369943,8.05,S,8.05
1023,1,male,53.0,0,0,113780,28.5,C,85.5
1024,3,female,28.0,0,4,4133,25.4667,S,25.4667
1025,3,male,28.0,1,0,2621,6.4375,C,6.4375
1026,3,male,43.0,0,0,349226,7.8958,S,7.8958
1027,3,male,24.0,0,0,350409,7.8542,S,7.8542
1028,3,male,26.5,0,0,2656,7.225,C,7.225
1029,2,male,26.0,0,0,248659,13.0,S,26.0
1030,3,female,23.0,0,0,SOTON/OQ 392083,8.05,S,8.05
1031,3,male,40.0,1,6,CA 2144,46.9,S,46.9
1032,3,female,10.0,5,2,CA 2144,46.9,S,46.9
1033,1,female,33.0,0,0,113781,151.55,S,454.65000000000003
1034,1,male,61.0,1,3,PC 17608,262.375,C,787.125
1035,2,male,28.0,0,0,244358,26.0,S,52.0
1036,1,male,42.0,0,0,17475,26.55,S,79.65
1037,3,male,31.0,3,0,345763,18.0,S,18.0
1038,1,male,28.0,0,0,17463,51.8625,S,155.58749999999998
1039,3,male,22.0,0,0,SC/A4 23568,8.05,S,8.05
1040,1,male,28.0,0,0,113791,26.55,S,79.65
1041,2,male,30.0,1,1,250651,26.0,S,52.0
1042,1,female,23.0,0,1,11767,83.1583,C,249.4749
1043,3,male,28.0,0,0,349255,7.8958,C,7.8958
1044,3,male,60.5,0,0,3701,,S,
1045,3,female,36.0,0,2,350405,12.1833,S,12.1833
1046,3,male,13.0,4,2,347077,31.3875,S,31.3875
1047,3,male,24.0,0,0,S.O./P.P. 752,7.55,S,7.55
1048,1,female,29.0,0,0,PC 17483,221.7792,S,665.3376000000001
1049,3,female,23.0,0,0,347469,7.8542,S,7.8542
1050,1,male,42.0,0,0,110489,26.55,S,79.65
1051,3,female,26.0,0,2,SOTON/O.Q. 3101315,13.775,S,13.775
1052,3,female,28.0,0,0,335432,7.7333,Q,7.7333
1053,3,male,7.0,1,1,2650,15.2458,C,15.2458
1054,2,female,26.0,0,0,220844,13.5,S,27.0
1055,3,male,28.0,0,0,343271,7.0,S,7.0
1056,2,male,41.0,0,0,237393,13.0,S,26.0
1057,3,female,26.0,1,1,315153,22.025,S,22.025
1058,1,male,48.0,0,0,PC 17591,50.4958,C,151.4874
1059,3,male,18.0,2,2,W./C. 6608,34.375,S,34.375
1060,1,female,28.0,0,0,17770,27.7208,C,83.1624
1061,3,female,22.0,0,0,7548,8.9625,S,8.9625
1062,3,male,28.0,0,0,S.O./P.P. 251,7.55,S,7.55
1063,3,male,27.0,0,0,2670,7.225,C,7.225
1064,3,male,23.0,1,0,347072,13.9,S,13.9
1065,3,male,28.0,0,0,2673,7.2292,C,7.2292
1066,3,male,40.0,1,5,347077,31.3875,S,31.3875
1067,2,female,15.0,0,2,29750,39.0,S,78.0
1068,2,female,20.0,0,0,C.A. 33112,36.75,S,73.5
1069,1,male,54.0,1,0,11778,55.4417,C,166.3251
1070,2,female,36.0,0,3,230136,39.0,S,78.0
1071,1,female,64.0,0,2,PC 17756,83.1583,C,249.4749
1072,2,male,30.0,0,0,233478,13.0,S,26.0
1073,1,male,37.0,1,1,PC 17756,83.1583,C,249.4749
1074,1,female,18.0,1,0,113773,53.1,S,159.3
1075,3,male,28.0,0,0,7935,7.75,Q,7.75
1076,1,female,27.0,1,1,PC 17558,247.5208,C,742.5624
1077,2,male,40.0,0,0,239059,16.0,S,32.0
1078,2,female,21.0,0,1,S.O./P.P. 2,21.0,S,42.0
1079,3,male,17.0,2,0,A/4 48873,8.05,S,8.05
1080,3,female,28.0,8,2,CA. 2343,69.55,S,69.55
1081,2,male,40.0,0,0,28221,13.0,S,26.0
1082,2,male,34.0,1,0,226875,26.0,S,52.0
1083,1,male,28.0,0,0,111163,26.0,S,78.0
1084,3,male,11.5,1,1,A/5. 851,14.5,S,14.5
1085,2,male,61.0,0,0,235509,12.35,Q,24.7
1086,2,male,8.0,0,2,28220,32.5,S,65.0
1087,3,male,33.0,0,0,347465,7.8542,S,7.8542
1088,1,male,6.0,0,2,16966,134.5,C,403.5
1089,3,female,18.0,0,0,347066,7.775,S,7.775
1090,2,male,23.0,0,0,C.A. 31030,10.5,S,21.0
1091,3,female,28.0,0,0,65305,8.1125,S,8.1125
1092,3,female,28.0,0,0,36568,15.5,Q,15.5
1093,3,male,0.33,0,2,347080,14.4,S,14.4
1094,1,male,47.0,1,0,PC 17757,227.525,C,682.575
1095,2,female,8.0,1,1,26360,26.0,S,52.0
1096,2,male,25.0,0,0,C.A. 34050,10.5,S,21.0
1097,1,male,28.0,0,0,F.C. 12998,25.7417,C,77.2251
1098,3,female,35.0,0,0,9232,7.75,Q,7.75
1099,2,male,24.0,0,0,28034,10.5,S,21.0
1100,1,female,33.0,0,0,PC 17613,27.7208,C,83.1624
1101,3,male,25.0,0,0,349250,7.8958,S,7.8958
1102,3,male,32.0,0,0,C 4001,22.525,S,22.525
1103,3,male,28.0,0,0,SOTON/O.Q. 3101308,7.05,S,7.05
1104,2,male,17.0,0,0,S.O.C. 14879,73.5,S,147.0
1105,2,female,60.0,1,0,24065,26.0,S,52.0
1106,3,female,38.0,4,2,347091,7.775,S,7.775
1107,1,male,42.0,0,0,113038,42.5,S,127.5
1108,3,female,28.0,0,0,330924,7.8792,Q,7.8792
1109,1,male,57.0,1,1,36928,164.8667,S,494.6001
1110,1,female,50.0,1,1,113503,211.5,C,634.5
1111,3,male,28.0,0,0,32302,8.05,S,8.05
1112,2,female,30.0,1,0,SC/PARIS 2148,13.8583,C,27.7166
1113,3,male,21.0,0,0,342684,8.05,S,8.05
1114,2,female,22.0,0,0,W./C. 14266,10.5,S,21.0
1115,3,male,21.0,0,0,350053,7.7958,S,7.7958
1116,1,female,53.0,0,0,PC 17606,27.4458,C,82.3374
1117,3,female,28.0,0,2,2661,15.2458,C,15.2458
1118,3,male,23.0,0,0,350054,7.7958,S,7.7958
1119,3,female,28.0,0,0,370368,7.75,Q,7.75
1120,3,male,40.5,0,0,C.A. 6212,15.1,S,15.1
1121,2,male,36.0,0,0,242963,13.0,S,26.0
1122,2,male,14.0,0,0,220845,65.0,S,130.0
1123,1,female,21.0,0,0,113795,26.55,S,79.65
1124,3,male,21.0,1,0,3101266,6.4958,S,6.4958
1125,3,male,28.0,0,0,330971,7.8792,Q,7.8792
1126,1,male,39.0,1,0,PC 17599,71.2833,C,213.8499
1127,3,male,20.0,0,0,350416,7.8542,S,7.8542
1128,1,male,64.0,1,0,110813,75.25,C,225.75
1129,3,male,20.0,0,0,2679,7.225,C,7.225
1130,2,female,18.0,1,1,250650,13.0,S,26.0
1131,1,female,48.0,1,0,PC 17761,106.425,C,319.275
1132,1,female,55.0,0,0,112377,27.7208,C,83.1624
1133,2,female,45.0,0,2,237789,30.0,S,60.0
1134,1,male,45.0,1,1,16966,134.5,C,403.5
1135,3,male,28.0,0,0,3470,7.8875,S,7.8875
1136,3,male,28.0,1,2,W./C. 6607,23.45,S,23.45
1137,1,male,41.0,1,0,17464,51.8625,S,155.58749999999998
1138,2,female,22.0,0,0,F.C.C. 13534,21.0,S,42.0
1139,2,male,42.0,1,1,28220,32.5,S,65.0
1140,2,female,29.0,1,0,26707,26.0,S,52.0
1141,3,female,28.0,1,0,2660,14.4542,C,14.4542
1142,2,female,0.92,1,2,C.A. 34651,27.75,S,55.5
1143,3,male,20.0,0,0,SOTON/O2 3101284,7.925,S,7.925
1144,1,male,27.0,1,0,13508,136.7792,C,410.3376
1145,3,male,24.0,0,0,7266,9.325,S,9.325
1146,3,male,32.5,0,0,345775,9.5,S,9.5
1147,3,male,28.0,0,0,C.A. 42795,7.55,S,7.55
1148,3,male,28.0,0,0,AQ/4 3130,7.75,Q,7.75
1149,3,male,28.0,0,0,363611,8.05,S,8.05
1150,2,female,19.0,0,0,28404,13.0,S,26.0
1151,3,male,21.0,0,0,345501,7.775,S,7.775
1152,3,male,36.5,1,0,345572,17.4,S,17.4
1153,3,male,21.0,0,0,350410,7.8542,S,7.8542
1154,2,female,29.0,0,2,29103,23.0,S,46.0
1155,3,female,1.0,1,1,350405,12.1833,S,12.1833
1156,2,male,30.0,0,0,C.A. 34644,12.7375,C,25.475
1157,3,male,28.0,0,0,349235,7.8958,S,7.8958
1158,1,male,28.0,0,0,112051,0.0,S,0.0
1159,3,male,28.0,0,0,C.A. 49867,7.55,S,7.55
1160,3,female,28.0,0,0,A. 2. 39186,8.05,S,8.05
1161,3,male,17.0,0,0,315095,8.6625,S,8.6625
1162,1,male,46.0,0,0,13050,75.2417,C,225.7251
1163,3,male,28.0,0,0,368573,7.75,Q,7.75
1164,1,female,26.0,1,0,13508,136.7792,C,410.3376
1165,3,female,28.0,1,0,370371,15.5,Q,15.5
1166,3,male,28.0,0,0,2676,7.225,C,7.225
1167,2,female,20.0,1,0,236853,26.0,S,52.0
1168,2,male,28.0,0,0,SC 14888,10.5,S,21.0
1169,2,male,40.0,1,0,2926,26.0,S,52.0
1170,2,male,30.0,1,0,CA 31352,21.0,S,42.0
1171,2,male,22.0,0,0,W./C. 14260,10.5,S,21.0
1172,3,female,23.0,0,0,315085,8.6625,S,8.6625
1173,3,male,0.75,1,1,SOTON/O.Q. 3101315,13.775,S,13.775
1174,3,female,28.0,0,0,364859,7.75,Q,7.75
1175,3,female,9.0,1,1,2650,15.2458,C,15.2458
1176,3,female,2.0,1,1,370129,20.2125,S,20.2125
1177,3,male,36.0,0,0,A/5 21175,7.25,S,7.25
1178,3,male,28.0,0,0,SOTON/O.Q. 3101314,7.25,S,7.25
1179,1,male,24.0,1,0,21228,82.2667,S,246.8001
1180,3,male,28.0,0,0,2655,7.2292,C,7.2292
1181,3,male,28.0,0,0,A/5 1478,8.05,S,8.05
1182,1,male,28.0,0,0,PC 17607,39.6,S,118.80000000000001
1183,3,female,30.0,0,0,382650,6.95,Q,6.95
1184,3,male,28.0,0,0,2652,7.2292,C,7.2292
1185,1,male,53.0,1,1,33638,81.8583,S,245.5749
1186,3,male,36.0,0,0,345771,9.5,S,9.5
1187,3,male,26.0,0,0,349202,7.8958,S,7.8958
1188,2,female,1.0,1,2,SC/Paris 2123,41.5792,C,83.1584
1189,3,male,28.0,2,0,2662,21.6792,C,21.6792
1190,1,male,30.0,0,0,113801,45.5,S,136.5
1191,3,male,29.0,0,0,347467,7.8542,S,7.8542
1192,3,male,32.0,0,0,347079,7.775,S,7.775
1193,2,male,28.0,0,0,237735,15.0458,C,30.0916
1194,2,male,43.0,0,1,S.O./P.P. 2,21.0,S,42.0
1195,3,male,24.0,0,0,315092,8.6625,S,8.6625
1196,3,female,28.0,0,0,383123,7.75,Q,7.75
1197,1,female,64.0,1,1,112901,26.55,S,79.65
1198,1,male,30.0,1,2,113781,151.55,S,454.65000000000003
1199,3,male,0.83,0,1,392091,9.35,S,9.35
1200,1,male,55.0,1,1,12749,93.5,S,280.5
1201,3,female,45.0,1,0,350026,14.1083,S,14.1083
1202,3,male,18.0,0,0,315091,8.6625,S,8.6625
1203,3,male,22.0,0,0,2658,7.225,C,7.225
1204,3,male,28.0,0,0,LP 1588,7.575,S,7.575
1205,3,female,37.0,0,0,368364,7.75,Q,7.75
1206,1,female,55.0,0,0,PC 17760,135.6333,C,406.8999
1207,3,female,17.0,0,0,AQ/3. 30631,7.7333,Q,7.7333
1208,1,male,57.0,1,0,PC 17569,146.5208,C,439.5624
1209,2,male,19.0,0,0,28004,10.5,S,21.0
1210,3,male,27.0,0,0,350408,7.8542,S,7.8542
1211,2,male,22.0,2,0,C.A. 31029,31.5,S,63.0
1212,3,male,26.0,0,0,347075,7.775,S,7.775
1213,3,male,25.0,0,0,2654,7.2292,C,7.2292
1214,2,male,26.0,0,0,244368,13.0,S,26.0
1215,1,male,33.0,0,0,113790,26.55,S,79.65
1216,1,female,39.0,0,0,24160,211.3375,S,634.0125
1217,3,male,23.0,0,0,SOTON/O.Q. 3101309,7.05,S,7.05
1218,2,female,12.0,2,1,230136,39.0,S,78.0
1219,1,male,46.0,0,0,PC 17585,79.2,C,237.60000000000002
1220,2,male,29.0,1,0,2003,26.0,S,52.0
1221,2,male,21.0,0,0,236854,13.0,S,26.0
1222,2,female,48.0,0,2,C.A. 33112,36.75,S,73.5
1223,1,male,39.0,0,0,PC 17580,29.7,C,89.1
1224,3,male,28.0,0,0,2684,7.225,C,7.225
1225,3,female,19.0,1,1,2653,15.7417,C,15.7417
1226,3,male,27.0,0,0,349229,7.8958,S,7.8958
1227,1,male,30.0,0,0,110469,26.0,S,78.0
1228,2,male,32.0,0,0,244360,13.0,S,26.0
1229,3,male,39.0,0,2,2675,7.2292,C,7.2292
1230,2,male,25.0,0,0,C.A. 31029,31.5,S,63.0
1231,3,male,28.0,0,0,2622,7.2292,C,7.2292
1232,2,male,18.0,0,0,C.A. 15185,10.5,S,21.0
1233,3,male,32.0,0,0,350403,7.5792,S,7.5792
1234,3,male,28.0,1,9,CA. 2343,69.55,S,69.55
1235,1,female,58.0,0,1,PC 17755,512.3292,C,1536.9876
1236,3,male,28.0,1,1,A/5. 851,14.5,S,14.5
1237,3,female,16.0,0,0,348125,7.65,S,7.65
1238,2,male,26.0,0,0,237670,13.0,S,26.0
1239,3,female,38.0,0,0,2688,7.2292,C,7.2292
1240,2,male,24.0,0,0,248726,13.5,S,27.0
1241,2,female,31.0,0,0,F.C.C. 13528,21.0,S,42.0
1242,1,female,45.0,0,1,PC 17759,63.3583,C,190.0749
1243,2,male,25.0,0,0,F.C.C. 13540,10.5,S,21.0
1244,2,male,18.0,0,0,S.O.C. 14879,73.5,S,147.0
1245,2,male,49.0,1,2,220845,65.0,S,130.0
1246,3,female,0.17,1,2,C.A. 2315,20.575,S,20.575
1247,1,male,50.0,0,0,113044,26.0,S,78.0
1248,1,female,59.0,2,0,11769,51.4792,S,154.4376
1249,3,male,28.0,0,0,1222,7.8792,S,7.8792
1250,3,male,28.0,0,0,368402,7.75,Q,7.75
1251,3,female,30.0,1,0,349910,15.55,S,15.55
1252,3,male,14.5,8,2,CA. 2343,69.55,S,69.55
1253,2,female,24.0,1,1,S.C./PARIS 2079,37.0042,C,74.0084
1254,2,female,31.0,0,0,CA 31352,21.0,S,42.0
1255,3,male,27.0,0,0,315083,8.6625,S,8.6625
1256,1,female,25.0,1,0,11765,55.4417,C,166.3251
1257,3,female,28.0,1,9,CA. 2343,69.55,S,69.55
1258,3,male,28.0,1,0,2689,14.4583,C,14.4583
1259,3,female,22.0,0,0,3101295,39.6875,S,39.6875
1260,1,female,45.0,0,1,112378,59.4,C,178.2
1261,2,male,29.0,0,0,SC/PARIS 2147,13.8583,C,27.7166
1262,2,male,21.0,1,0,28133,11.5,S,23.0
1263,1,female,31.0,0,0,16966,134.5,C,403.5
1264,1,male,49.0,0,0,112058,0.0,S,0.0
1265,2,male,44.0,0,0,248746,13.0,S,26.0
1266,1,female,54.0,1,1,33638,81.8583,S,245.5749
1267,1,female,45.0,0,0,PC 17608,262.375,C,787.125
1268,3,female,22.0,2,0,315152,8.6625,S,8.6625
1269,2,male,21.0,0,0,29107,11.5,S,23.0
1270,1,male,55.0,0,0,680,50.0,S,150.0
1271,3,male,5.0,4,2,347077,31.3875,S,31.3875
1272,3,male,28.0,0,0,366713,7.75,Q,7.75
1273,3,male,26.0,0,0,330910,7.8792,Q,7.8792
1274,3,female,28.0,0,0,364498,14.5,S,14.5
1275,3,female,19.0,1,0,376566,16.1,S,16.1
1276,2,male,28.0,0,0,SC/PARIS 2159,12.875,S,25.75
1277,2,female,24.0,1,2,220845,65.0,S,130.0
1278,3,male,24.0,0,0,349911,7.775,S,7.775
1279,2,male,57.0,0,0,244346,13.0,S,26.0
1280,3,male,21.0,0,0,364858,7.75,Q,7.75
1281,3,male,6.0,3,1,349909,21.075,S,21.075
1282,1,male,23.0,0,0,12749,93.5,S,280.5
1283,1,female,51.0,0,1,PC 17592,39.4,S,118.19999999999999
1284,3,male,13.0,0,2,C.A. 2673,20.25,S,20.25
1285,2,male,47.0,0,0,C.A. 30769,10.5,S,21.0
1286,3,male,29.0,3,1,315153,22.025,S,22.025
1287,1,female,18.0,1,0,13695,60.0,S,180.0
1288,3,male,24.0,0,0,371109,7.25,Q,7.25
1289,1,female,48.0,1,1,13567,79.2,C,237.60000000000002
1290,3,male,22.0,0,0,347065,7.775,S,7.775
1291,3,male,31.0,0,0,21332,7.7333,Q,7.7333
1292,1,female,30.0,0,0,36928,164.8667,S,494.6001
1293,2,male,38.0,1,0,28664,21.0,S,42.0
1294,1,female,22.0,0,1,112378,59.4,C,178.2
1295,1,male,17.0,0,0,113059,47.1,S,141.3
1296,1,male,43.0,1,0,17765,27.7208,C,83.1624
1297,2,male,20.0,0,0,SC/PARIS 2166,13.8625,C,27.725
1298,2,male,23.0,1,0,28666,10.5,S,21.0
1299,1,male,50.0,1,1,113503,211.5,C,634.5
1300,3,female,28.0,0,0,334915,7.7208,Q,7.7208
1301,3,female,3.0,1,1,SOTON/O.Q. 3101315,13.775,S,13.775
1302,3,female,28.0,0,0,365237,7.75,Q,7.75
1303,1,female,37.0,1,0,19928,90.0,Q,270.0
1304,3,female,28.0,0,0,347086,7.775,S,7.775
1305,3,male,28.0,0,0,A.5. 3236,8.05,S,8.05
1306,1,female,39.0,0,0,PC 17758,108.9,C,326.70000000000005
1307,3,male,38.5,0,0,SOTON/O.Q. 3101262,7.25,S,7.25
1308,3,male,28.0,0,0,359309,8.05,S,8.05
1309,3,male,28.0,1,1,2668,22.3583,C,22.3583
